<!DOCTYPE suite SYSTEM "https://testng.org/testng-1.0.dtd">

<suite name="Regression Tests" >
<!--    <suite name="Regression Tests" parallel="methods" thread-count="2" > USED FOR  PARALLEL RUNS-->


    <parameter name="username"  value="standard_user"/>
    <parameter name="password"  value="secret_sauce"/>
    <parameter name="age"  value="25"/>

   <test name="Login">

       <groups>
           <run>
               <include name="login"/>
           </run>
       </groups>

        <packages>
            <package name="com.saucelab.tests"></package>
        </packages >

   </test>

</suite>
